,Model,Training Accuracy %,Testing Accuracy %,r2 score,MSE,MAE
0,Linear Regression,0.8073894367345879,0.7789903580880139,0.7789903580880139,0.220905145627393,0.235512111009509
1,"SVR(kernel=RBF,C=2)",0.9484251802271548,0.9246888198234645,0.9246888198234645,0.07527557205352019,0.11761689896027375
2,"RandomForest(n_estimators=200,max_depth=16,max_features=20,min_samples_split=2,min_samples_leaf=1)",0.9946496447318298,0.9507759534970475,0.9507759534970475,0.04920077272209977,0.09872640563316383
